"week","article_count","average_sentiment","negative_sentiment_ratio","positive_sentiment_ratio","article_count_change","sentiment_change","topic_growth_rate","keyword_growth_rate","entity_growth_rate","ma_4week","ma_8week","anomaly_score","crisis_event","days_to_crisis","label_pre_crisis","fuel_topic_frequency","iran_war_topic_frequency","electricity_topic_frequency","corruption_topic_frequency","healthcare_strike_topic_frequency","consumer_prices_topic_frequency","disaster_recovery_topic_frequency","fuel_keyword_frequency","shortage_keyword_frequency","protest_keyword_frequency","crisis_keyword_frequency","person_entity_frequency","organization_entity_frequency","location_entity_frequency","event_entity_frequency","money_entity_frequency"
"2023-W39","68","-0.154666","0.279412","0.0735294",NULL,NULL,NULL,NULL,NULL,NULL,NULL,NULL,"3","-795","0","2","0","5","2","0","1","10","2","0","1","1","57","75","46","7","0"
"2023-W40","184","-0.180878","0.315217","0.0434783","1.70588","-0.0262128","2.5","0.5","1.77838",NULL,NULL,NULL,"3","-788","0","5","6","11","23","5","2","18","2","2","2","0","129","229","136","15","5"
"2023-W41","159","-0.161267","0.295597","0.0503145","-0.13587","0.0196116","-0.228571","-0.333333","-0.0972763",NULL,NULL,NULL,"3","-781","0","0","11","2","10","1","1","29","1","1","1","1","117","178","156","12","1"
"2023-W42","151","-0.17337","0.304636","0.0397351","-0.0503145","-0.0121031","0.0555556","-0.25","0.0172414","140.5",NULL,NULL,"3","-774","0","1","17","7","12","2","2","16","1","0","1","1","128","207","121","13","3"
"2023-W43","169","-0.144615","0.254438","0.0414201","0.119205","0.0287546","0.403509","1","-0.00423729","165.75",NULL,NULL,"3","-767","0","2","3","11","24","5","6","29","1","1","3","1","133","197","127","7","6"
"2023-W44","191","-0.144526","0.282723","0.078534","0.130178","0.0000893596","-0.0125","-0.166667","0.0765957","167.5",NULL,NULL,"3","-760","0","4","0","15","18","4","8","30","1","2","1","1","143","233","118","7","5"
"2023-W45","171","-0.139151","0.269006","0.0526316","-0.104712","0.00537477","-0.227848","0.4","-0.00988142","170.5",NULL,NULL,"3","-753","0","6","1","11","20","2","5","16","2","0","3","2","129","274","87","6","5"
"2023-W46","185","-0.0358433","0.189189","0.113514","0.0818713","0.103308","0.0655738","0.571429","0.0638723","179","159.75",NULL,"3","-746","0","2","2","18","13","0","5","25","1","3","0","7","173","254","94","7","5"
"2023-W47","172","-0.152747","0.284884","0.0406977","-0.0702703","-0.116904","0.0923077","-0.363636","-0.123827","179.75","172.75","0.852464","3","-739","0","1","7","16","23","2","6","16","1","0","2","4","136","233","85","5","8"
"2023-W48","166","-0.0970815","0.186747","0.0361446","-0.0348837","0.0556656","-0.084507","0","0.0471092","173.5","170.5","2.22311","3","-732","0","4","5","9","18","1","1","27","2","1","2","2","132","239","115","1","2"
"2023-W49","153","-0.124814","0.27451","0.0784314","-0.0783133","-0.0277329","0","-0.428571","-0.112474","169","169.75","1.35477","3","-725","0","0","1","19","15","2","1","27","1","0","1","2","103","232","87","5","7"
"2023-W50","144","-0.119728","0.222222","0.0486111","-0.0588235","0.00508591","0.0461538","-0.25","-0.129032","158.75","168.875","1.86286","3","-718","0","0","1","18","16","5","7","21","0","1","0","2","99","197","73","3","6"
"2023-W51","144","-0.133812","0.263889","0.0694444","0","-0.0140832","0.117647","0","-0.0714286","151.75","165.75","1.62372","3","-711","0","2","3","15","29","0","7","20","3","0","0","0","112","166","62","3","8"
"2023-W52","86","-0.0727704","0.232558","0.116279","-0.402778","0.0610413","-0.368421","0","-0.430199","131.75","152.625","4.51547","3","-704","0","2","2","10","15","0","3","16","2","0","0","1","51","97","44","5","3"
"2024-W01","163","-0.095145","0.196319","0.0552147","0.895349","-0.0223747","0.520833","0","1.155","134.25","151.625","1.14269","3","-697","0","4","3","18","23","0","5","20","1","0","1","1","108","218","85","17","3"
"2024-W02","120","-0.0705777","0.233333","0.1","-0.263804","0.0245673","-0.219178","0","-0.171694","128.25","143.5","1.05501","3","-690","0","1","4","9","14","5","3","21","1","0","2","0","98","175","78","6","0"
"2024-W03","166","-0.1075","0.246988","0.0903614","0.383333","-0.0369219","0.438596","0.666667","0.254902","133.75","142.75","1.90076","3","-683","0","1","5","6","26","10","5","29","0","0","3","2","116","196","130","6","0"
"2024-W04","167","-0.167624","0.299401","0.0419162","0.0060241","-0.0601244","-0.243902","-0.4","-0.015625","154","142.875","2.21513","3","-676","0","1","2","8","23","2","4","22","0","0","2","1","123","217","91","8","2"
"2024-W05","172","-0.104939","0.261628","0.0988372","0.0299401","0.0626852","0.209677","3","0.102041","156.25","145.25","1.8645","3","-669","0","3","0","3","33","7","4","25","2","0","10","0","150","237","93","4","2"
"2024-W06","184","-0.143221","0.271739","0.0652174","0.0697674","-0.0382819","-0.0533333","-0.75","0.0246914","172.25","150.25","1.31423","3","-662","0","2","2","8","22","3","10","24","0","1","0","2","164","218","105","6","5"
"2024-W07","177","-0.107912","0.231638","0.0677966","-0.0380435","0.0353091","-0.15493","0","-0.0562249","175","154.375","1.87083","3","-655","0","0","2","5","17","5","2","29","1","0","1","1","125","228","109","1","7"
"2024-W08","148","-0.152542","0.27027","0.0337838","-0.163842","-0.0446306","0.266667","0.333333","-0.155319","170.25","162.125","2.85609","3","-648","0","2","3","14","16","3","2","36","0","3","1","0","126","173","90","4","4"
"2024-W09","174","-0.0950492","0.229885","0.0804598","0.175676","0.057493","-0.131579","-0.25","0.241814","170.75","163.5","2.53562","3","-641","0","5","5","3","19","0","5","29","1","0","2","0","145","251","87","5","5"
"2024-W10","159","-0.130933","0.245283","0.0503145","-0.0862069","-0.0358839","0.030303","0.333333","-0.180527","164.5","168.375","1.36863","3","-634","0","4","5","14","14","3","5","23","1","0","3","0","143","159","98","1","3"
"2024-W11","163","-0.100968","0.214724","0.0674847","0.0251572","0.0299648","-0.147059","-0.25","0.0816832","161","168","1.81216","3","-627","0","2","1","6","13","3","8","25","1","1","1","0","112","207","117","0","1"
"2024-W12","176","-0.104579","0.227273","0.0625","0.0797546","-0.00361103","0.0344828","1.66667","0.0800915","168","169.125","1.48624","3","-620","0","0","4","10","12","3","6","25","1","0","3","4","159","216","90","1","6"
"2024-W13","139","-0.146489","0.273381","0.057554","-0.210227","-0.0419097","0.15","-0.375","-0.256356","159.25","165","2.58745","3","-613","0","0","1","10","24","3","9","22","0","0","3","2","100","167","80","2","2"
"2024-W14","130","-0.117174","0.238462","0.0538462","-0.0647482","0.0293156","-0.0434783","-0.2","-0.022792","152","158.25","2.23803","3","-606","0","2","1","6","18","3","2","34","0","0","1","3","108","151","78","3","3"
"2024-W15","151","-0.0444723","0.231788","0.152318","0.161538","0.0727013","-0.106061","0.25","0.0699708","149","155","0.76231","3","-599","0","3","4","4","15","1","8","24","3","1","1","0","112","173","73","5","4"
"2024-W16","171","-0.129629","0.292398","0.0935673","0.13245","-0.0851569","0.474576","0.4","0.0517711","147.75","157.875","4.15838","3","-592","0","2","5","6","20","1","4","49","1","2","2","2","104","179","96","3","4"
"2024-W17","88","-0.138533","0.25","0.0340909","-0.48538","-0.00890405","-0.574713","-0.714286","-0.334197","135","147.125","4.16641","3","-585","0","0","1","1","11","2","5","17","0","0","1","1","72","131","52","1","1"
"2025-W30","39","-0.111572","0.333333","0.153846","-0.556818","0.0269615","-0.513514","-1","-0.657588","112.25","132.125","3.80017","3","-130","0","0","2","1","6","0","0","9","0","0","0","0","21","34","31","2","0"
"2025-W31","196","-0.0939235","0.219388","0.0663265","4.02564","0.0176482","3.72222",NULL,"5.20455","123.5","136.25","1.5043","3","-123","0","3","4","6","40","3","2","27","2","1","0","0","141","268","130","0","7"
"2025-W32","191","-0.163772","0.267016","0.0314136","-0.0255102","-0.0698482","-0.117647","0.666667","-0.0952381","128.5","138.125","1.06767","3","-116","0","0","4","8","33","2","1","27","0","1","2","2","151","231","100","1","11"
"2025-W33","155","-0.128598","0.270968","0.0774194","-0.188482","0.0351742","-0.146667","0.8","-0.149798","145.25","140.125","1.34808","3","-109","0","0","5","2","18","6","3","30","0","3","4","2","106","200","107","2","5"
"2025-W34","157","-0.151171","0.273885","0.0318471","0.0129032","-0.0225736","-0.21875","-0.111111","0.00714286","174.75","143.5","1.36639","3","-102","0","1","3","2","23","6","4","11","2","1","3","2","159","181","77","3","3"
"2025-W35","225","-0.14612","0.297778","0.0711111","0.433121","0.00505162","0.72","0.375","0.470449","182","152.75","2.85724","3","-95","0","5","7","0","51","3","1","19","3","1","6","1","202","268","139","6","7"
"2025-W36","238","-0.1424","0.310924","0.092437","0.0577778","0.00371902","0.116279","-0.272727","0.0144695","193.75","161.125","2.7187","3","-88","0","3","9","5","47","5","3","24","3","1","4","0","166","324","135","3","3"
"2025-W37","291","-0.134246","0.281787","0.0687285","0.222689","0.00815435","0.0729167","0.25","0.237718","227.75","186.5","1.90855","3","-81","0","2","9","10","49","2","2","29","0","0","8","2","239","344","181","13","4"
"2025-W38","233","-0.0633564","0.240343","0.124464","-0.199313","0.0708898","-0.038835","-0.4","-0.140845","246.75","210.75","2.20612","3","-74","0","1","5","10","34","3","6","40","0","1","5","0","168","298","178","17","10"
"2025-W39","175","-0.077059","0.228571","0.108571","-0.248927","-0.0137026","-0.222222","-0.666667","-0.245902","234.25","208.125","1.80961","3","-67","0","5","7","11","23","2","2","27","1","0","1","0","130","225","132","12","7"
"2025-W40","154","-0.137071","0.318182","0.103896","-0.12","-0.0600115","-0.168831","2","-0.199605","213.25","203.5","1.71771","3","-60","0","4","3","5","26","2","3","21","2","0","4","0","103","178","114","3","7"
"2025-W43","86","-0.089396","0.255814","0.116279","-0.441558","0.0476746","-0.515625","-0.666667","-0.355556","162","194.875","2.31997","3","-39","0","1","2","2","12","1","0","13","0","0","1","1","70","123","67","0","1"
"2025-W44","204","-0.0895327","0.279412","0.132353","1.37209","-0.000136668","1.64516","1.5","0.881226","154.75","200.75","1.30666","3","-32","0","2","2","3","40","4","3","28","2","1","2","0","140","217","126","1","7"
"2025-W45","125","-0.123228","0.296","0.096","-0.387255","-0.0336952","-0.243902","-0.8","-0.389002","142.25","188.25","1.21548","3","-25","1","1","2","16","15","1","3","24","0","0","1","0","94","133","62","2","9"
"2025-W46","276","-0.0794627","0.268116","0.144928","1.208","0.0437652","0.629032","11","1.39333","172.75","193","2.5107","3","-18","1","1","1","18","22","5","9","45","1","4","5","2","213","320","166","11","8"
"2025-W47","213","-0.0983386","0.262911","0.103286","-0.228261","-0.0188759","-0.29703","-0.583333","-0.157382","204.5","183.25","1.35944","3","-11","1","1","0","7","27","2","5","29","0","2","2","1","185","265","145","9","1"
"2025-W48","362","-0.191328","0.337017","0.0441989","0.699531","-0.0929895","0.633803","0.4","0.327273","244","199.375","3.79827","3","-4",NULL,"5","4","7","24","4","5","67","3","1","1","2","185","380","229","3","6"
"2025-W49","312","-0.151321","0.282051","0.0673077","-0.138122","0.0400067","0.172414","0","-0.102117","290.75","216.5","3.69247","3","3",NULL,"0","3","10","17","0","12","94","1","2","1","3","194","326","180","9","12"
"2025-W50","216","-0.0657953","0.199074","0.0972222","-0.307692","0.085526","-0.205882","-0.714286","-0.177531","275.75","224.25","3.13959","3","10",NULL,"1","4","1","28","0","6","68","0","0","1","1","173","276","128","4","12"
"2025-W51","262","-0.152257","0.278626","0.0610687","0.212963","-0.0864615","-0.0648148","2","0.252951","288","246.25","0.900103","3","17",NULL,"1","1","2","27","1","6","63","0","2","3","1","219","316","174","5","29"
"2025-W52","188","-0.106904","0.244681","0.0904255","-0.282443","0.045353","-0.336634","-0.666667","-0.328398","244.5","244.25","1.97223","3","24","0","2","5","3","18","1","2","36","0","1","0","1","125","231","133","3","7"
"2026-W01","185","-0.0807737","0.264865","0.124324","-0.0159574","0.0261302","0.119403","0.5","-0.01002","212.75","251.75","0.846114","3","31","0","2","4","9","21","0","5","34","0","1","1","1","131","225","120","9","9"
"2026-W02","254","-0.101535","0.248031","0.0826772","0.372973","-0.0207617","0.346667","2.33333","0.425101","222.25","249","1.57709","3","38","0","4","5","12","29","5","1","45","2","0","7","1","172","333","178","8","13"
"2026-W03","214","-0.170953","0.336449","0.0700935","-0.15748","-0.0694181","-0.128713","-0.1","-0.207386","210.25","249.125","1.83511","3","45","0","2","4","6","26","5","5","40","2","1","5","1","150","236","159","6","7"
"2026-W04","149","-0.0815824","0.248322","0.114094","-0.303738","0.0893711","-0.284091","-0.777778","-0.275986","200.5","222.5","1.61029","2","-40","0","0","2","9","14","6","3","29","0","1","0","1","113","175","105","5","6"
"2026-W05","179","-0.131129","0.27933","0.0726257","0.201342","-0.0495469","0.0952381","1.5","0.210396","199","205.875","1.14564","2","-33","0","0","2","7","22","7","3","28","2","1","1","1","151","205","118","7","8"
"2026-W06","235","-0.0257614","0.208511","0.148936","0.312849","0.105368","0.347826","-0.4","0.400818","194.25","208.25","1.37455","2","-26","1","3","4","9","23","7","3","44","0","0","3","0","203","296","159","22","5"
"2026-W07","215","-0.0850199","0.283721","0.153488","-0.0851064","-0.0592585","-0.247312","1.66667","-0.141606","194.5","202.375","1.57709","2","-19","1","0","1","4","27","3","2","33","0","2","5","1","154","250","170","12","2"
"2026-W08","211","-0.0973974","0.255924","0.0995261","-0.0186047","-0.0123775","0.142857","-0.25","0.0102041","210","205.25","2.24112","2","-12","1","5","3","6","27","4","4","31","0","6","0","0","185","235","153","18","3"
"2026-W09","244","-0.127223","0.307377","0.102459","0.156398","-0.0298255","0.675","1.5","0.166667","226.25","212.625","13.9175","2","-5",NULL,"13","22","13","22","8","1","55","7","3","2","3","151","296","225","12","9"
"2026-W10","218","-0.150962","0.293578","0.0550459","-0.106557","-0.023739","0.126866","0","-0.0981241","222","208.125","4.62089","2","2",NULL,"14","37","9","13","3","4","71","8","1","3","3","148","201","267","6","3"
"2026-W11","180","-0.116987","0.233333","0.05","-0.174312","0.0339747","-0.18543","0.333333","-0.1952","213.25","203.875","2.84514","2","9",NULL,"21","26","8","22","3","3","40","15","2","1","2","121","182","182","8","10"
"2026-W12","269","-0.149182","0.256506","0.0446097","0.494444","-0.032195","0.341463","3.2","0.353877","227.75","218.875","6.75","2","16",NULL,"61","40","7","15","1","5","36","64","9","1","10","176","261","222","9","13"
"2026-W13","267","-0.178628","0.325843","0.0524345","-0.00743494","-0.0294453","-0.0181818","-0.535714","-0.00293686","233.5","229.875","1.86333","2","23",NULL,"31","44","3","30","4","12","38","27","2","2","8","162","259","248","4","6"
"2026-W14","151","-0.15627","0.291391","0.0529801","-0.434457","0.022358","-0.537037","-0.717949","-0.463918","216.75","219.375","2.62068","2","30",NULL,"13","14","4","17","1","6","20","6","3","0","2","102","145","112","4","1"
"2026-W15","301","-0.129962","0.295681","0.0930233","0.993378","0.0263077","1.38667","0.545455","1.36264","247","230.125","3.13362","2","37",NULL,"18","75","16","23","8","8","31","8","4","1","4","175","330","337","11","7"
"2026-W16","174","-0.0930743","0.241379","0.0862069","-0.421927","0.0368875","-0.519553","-0.411765","-0.45814","223.25","225.5","1.77782","2","44",NULL,"15","36","3","19","0","1","12","6","2","0","2","110","138","198","12","8"
"2026-W17","244","-0.128049","0.266393","0.0696721","0.402299","-0.0349749","0.465116","-0.3","0.465665","217.5","225.5","0.808189","2","51",NULL,"10","35","4","27","2","4","44","5","1","0","1","165","296","197","9","16"
"2026-W18","219","-0.125406","0.242009","0.0502283","-0.102459","0.00264302","-0.142857","0.714286","-0.1347","234.5","225.625","1.22196","2","58",NULL,"13","17","8","25","1","6","38","10","1","1","0","159","263","148","5","16"
"2026-W19","251","-0.108334","0.250996","0.0836653","0.146119","0.0170726","-0.0277778","-0.583333","0.260575","222","234.5","0.998587","2","65",NULL,"6","24","11","22","0","2","40","2","2","1","0","200","328","199","5","13"
"2026-W20","177","-0.140134","0.276836","0.0677966","-0.294821","-0.0318","-0.285714","0.8","-0.310067","222.75","223","1.28022","2","72",NULL,"4","11","4","26","0","3","27","2","4","2","1","129","215","153","6","11"
"2026-W21","286","-0.0818781","0.216783","0.0944056","0.615819","0.0582555","0.653333","0.666667","0.422179","233.25","225.375","1.97903","2","79","0","6","13","8","34","2","8","53","5","1","2","7","187","328","194","11","11"
"2026-W22","224","-0.0743906","0.227679","0.107143","-0.216783","0.00748746","-0.290323","-0.0666667","-0.225718","234.5","234.5","1.19239","2","86","0","9","16","3","22","2","2","34","7","3","2","2","118","275","160","8","5"
"2026-W23","243","-0.159774","0.304527","0.0699589","0.0848214","-0.0853837","0.147727","-0.142857","0.173145","232.5","227.25","2.00233","2","93","0","11","16","4","26","2","3","39","7","1","2","2","162","298","184","10","10"
"2026-W24","219","-0.136","0.296804","0.0913242","-0.0987654","0.0237747","0.0891089","-0.416667","-0.0436747","243","232.875","1.65774","2","100","0","3","21","4","31","2","2","47","2","1","2","2","139","281","203","7","5"
"2026-W25","290","-0.051632","0.196552","0.117241","0.324201","0.0843677","0.227273","0.857143","0.283465","244","238.625","2.01757","2","107","0","9","28","6","36","1","8","47","7","1","1","4","201","340","249","10","15"
"2026-W26","219","-0.132443","0.305936","0.100457","-0.244828","-0.0808112","-0.311111","-0.538462","-0.217178","242.75","238.625","1.53444","2","114","0","8","12","8","30","1","6","28","3","1","1","1","150","295","168","11","14"
"2026-W27","280","-0.108347","0.282143","0.110714","0.278539","0.0240957","0.268817","1.33333","0.136364","252","242.25","1.10366","2","121","0","8","16","6","39","2","4","43","8","3","2","1","192","325","186","9","13"
"2026-W28","324","-0.140919","0.308642","0.0925926","0.157143","-0.0325712","0.29661","-0.571429","0.122759","278.25","260.625","2.03545","2","128","0","2","25","9","66","2","7","42","2","1","2","1","190","343","255","17","9"
"2026-W29","231","-0.121287","0.298701","0.116883","-0.287037","0.0196319","-0.300654","0.166667","-0.169533","263.5","253.75","1.60422","2","135","0","2","19","6","34","0","4","42","1","2","0","4","175","256","223","13","9"
"2026-W30","269","-0.194536","0.356877","0.0594796","0.164502","-0.0732498","-0.0186916","0.428571","-0.00887574","276","259.375","1.88401","2","142","0","2","16","7","34","3","14","29","0","0","8","2","182","287","182","9","10"
"2026-W31","219","-0.156557","0.351598","0.118721","-0.185874","0.0379792","-0.171429","-0.2","-0.10597","260.75","256.375","1.72063","2","149","0","4","10","0","33","4","8","28","1","1","4","2","153","276","145","13","12"
"2026-W32","296","-0.117566","0.246622","0.0709459","0.351598","0.0389912","0.333333","-0.125","0.297162","253.75","266","1.19666","2","156","0","5","11","10","49","1","7","33","1","1","3","2","202","368","192","7","8"
"2026-W33","214","-0.140158","0.294393","0.0700935","-0.277027","-0.0225923","-0.181034","0.142857","-0.305019","249.5","256.5","1.34404","2","163","0","1","9","7","26","5","5","42","2","2","4","0","126","234","166","8","6"
"2026-W34","27","-0.0809377","0.185185","0.0740741","-0.873832","0.0592207","-0.873684","-1","-0.874074","189","232.5","5.52137","2","170","0","0","0","0","3","1","0","8","0","0","0","0","16","28","21","0","3"
