Topic,Count,Name,Representation,Representative_Docs
0,3768,0_the_to_of_sri,"['the', 'to', 'of', 'sri', 'in', 'lanka', 'for', 'president', 'and', 'cup']","[""T20 World Cup 2026: ICC expresses concerns over Pakistan's India match boycott The International Cricket Council (ICC) on Wednesday expressed concern after Pakistan declined to play against India in the group stage of the ICC Men's T20 World Cup, prompting the global governing body to explore diplomatic channels to resolve the issue."", ""Dasun Shanaka to lead Sri Lanka until 2026 T20 World Cup Sri Lanka Cricket's newly appointed Selection Committee Chairman, Pramodya Wickremesinghe said today (19) that Dasun Shanaka will continue as captain of the Sri Lankan national team until the 2026 ICC Twenty20 World Cup."", ""England set for Sri Lanka tour ahead of T20 World Cup The two teams will lock horns in three ODIs and as many T20Is, serving as key preparation for the 2026 ICC Men's T20 World Cup in India and Sri Lanka.""]"
1,2739,1_sri_lanka_the_to,"['sri', 'lanka', 'the', 'to', 'of', 'in', 'and', 'for', 'lankas', 'has']","[""Maryland Sri Lankans donate Rs. 5.2 m for Cyclone Ditwah relief The Sri Lankan community in Maryland, United States, has donated a further Rs. 5.2 million to the Government's Rebuild Sri Lanka Fund, supporting efforts to restore the lives of people affected by Cyclone Ditwah."", 'Sri Lankan Rupee strengthens against US Dollar The Sri Lankan Rupee strengthened against the US Dollar today (15) after several days of depreciation, according to the latest exchange rates released by the Central Bank of Sri Lanka.', ""Tourist arrivals cross 1.1 million mark Sri Lanka has recorded more than 1.1 million tourist arrivals between January 1 and June 21 this year, reflecting the continued recovery of the country's tourism sector, according to the Sri Lanka Tourism Development Authority (SLTDA).""]"
2,2051,2_arrested_of_police_the,"['arrested', 'of', 'police', 'the', 'in', 'former', 'to', 'court', 'over', 'investigation']","['Police Inspector arrested inside hotel for accepting Rs. 1 Mn bribe A Police Inspector was arrested by officials from the Commission to Investigate Allegations of Bribery or Corruption (CIABOC) while accepting a bribe of Rs. 1 million at a hotel in Kalutara North.', 'Suspended Customs officer arrested over Rs. 4 million palm oil fraud An interdicted officer of the Sri Lanka Customs was arrested today by officials from the Commission to Investigate Allegations of Bribery or Corruption (CIABOC).', ""Former Minister C. B. Rathnayake granted bail Former Minister C. B. Rathnayake, who was in remand following his arrest by the Commission to Investigate Allegations of Bribery or Corruption (CIABOC), has been granted bail by the Colombo Chief Magistrate's Court.""]"
3,1204,3_in_at_killed_injured,"['in', 'at', 'killed', 'injured', 'after', 'police', 'dead', 'people', 'died', 'the']","['Three dead in Bondi Beach shooting At least three people were killed and six injured as gunmen opened fire at a Hanukkah party on Bondi Beach in Sydney, Australia on Sunday.', 'Youth killed in Police shooting at checkpoint in Jaffna A 17-year-old boy was killed in a police shooting after officers opened fire on a van that allegedly failed to stop at a checkpoint in Jaffna early this morning, police said.', 'One dead, several injured following accident in Borella One person was killed and more than five others were injured in a road accident near the Borella Cemetery Roundabout this morning, police said.']"
4,805,4_the_water_meteorology_weather,"['the', 'water', 'meteorology', 'weather', 'department', 'areas', 'in', 'and', 'of', 'several']","['Met Department warns of severe lightning in several areas The Department of Meteorology has issued an advisory warning of thundershowers accompanied by severe lightning in several parts of the country, including the North-western, Uva, Central, and Sabaragamuwa provinces, as well as the Anuradhapura, Mannar, Ampara, and Hambantota districts.', 'Heavy showers on the cards in multiple provinces The Meteorology Department has issued a weather advisory forecasting heavy showers of about 75 mm in some areas of the Western and Sabaragamuwa Provinces, as well as in the Galle and Matara districts.', ""Warning issued as heavy rains lash several provinces The Department of Meteorology has issued an 'Amber' advisory for heavy rainfall in several parts of the country, warning that showers exceeding 100 mm are likely in some areas.""]"
5,809,5_iran_us_trump_on,"['iran', 'us', 'trump', 'on', 'israel', 'hormuz', 'war', 'the', 'in', 'irans']","['US announces ceasefire extension with Iran U.S. President Donald Trump said on Tuesday he would indefinitely \u200bextend the ceasefire with Iran, hours before it was set to expire, to allow the two countries to continue peace talks \u200cto end a war that has killed thousands of people and shaken the global economy.', ""Trump says US forces are 'clearing' Strait of Hormuz U.S. President Donald Trump on \u200bSaturday posted on social media that the United States \u200cmilitary has started to clear the Strait of Hormuz, and that all of Iran's minelaying ships have been sunk."", ""Trump says US in 'final throes' of Iran deal, Hormuz strait to open in days United States President Donald Trump has said that a deal between Israel and Iran is imminent, and that the two will leave each other alone for at least a week.""]"
6,726,6_train_railway_the_transport,"['train', 'railway', 'the', 'transport', 'to', 'road', 'services', 'bus', 'of', 'traffic']","['Train services on main line from Colombo limited to Polgahawela The up-and-down train services on the mainline have been disrupted between Polgahawela and Rambukkana due to a train derailment, the Railways Department said.', 'Upcountry train services restored Train operations on the upcountry railway line, which were disrupted due to fallen trees and a landslide between Idalgashinna and Ohiya railway stations, have been restored, the Sri Lanka Railways Department said today.', 'Upcountry train services restricted due to adverse weather The Railway Department has announced restrictions on train services along the Upcountry Railway line as heavy rainfall continues to impact several areas of the country.']"
7,667,7_health_dengue_cases_of,"['health', 'dengue', 'cases', 'of', 'the', 'medical', 'in', 'to', 'hospital', 'sri']","['Western Province records highest number of dengue cases this week Health authorities warn of a sharp rise in dengue infections, with the Western Province reporting the highest number of cases this week, according to National Dengue Prevention Unit Director Dr. Kapila Kannangara.', 'Over 3,000 dengue cases reported within three days The dengue epidemic continues to hit the country with 3,422 dengue cases having been reported within three days this month, Acting Director of the National Dengue Control Unit, Dr. Kapila Kannangara said today.', 'Dengue cases rise; 14 deaths reported this year A rise in dengue patients has been reported across the country compared to last year, the National Dengue Control Unit said.']"
8,657,8_electricity_the_tax_to,"['electricity', 'the', 'tax', 'to', 'ceb', 'of', 'vat', 'rs', 'power', 'revenue']","['No electricity tariff revision for first quarter of 2026: PUCSL The Public Utilities Commission of Sri Lanka (PUCSL) has announced that electricity tariffs will remain unchanged for the first quarter of 2026, following the failure of the Ceylon Electricity Board (CEB) to submit a formal tariff revision proposal on time.', 'PUCSL to seek public views on proposed 6.8% electricity tariff hike The Public Utilities Commission of Sri Lanka (PUCSL) announced that it will seek public opinion on the electricity tariff revision proposed by the Ceylon Electricity Board (CEB) for the final quarter of 2025.', ""VAT increase won't affect electricity tariff, assures State Minister Despite the recent increase in the Value Added Tax (VAT), State Minister of Finance, Dr. Ranjith Siyambalapitiya, assured that it will not impact certain sectors, including the electricity tariffs.""]"
9,368,9_fuel_oil_prices_gas,"['fuel', 'oil', 'prices', 'gas', 'petroleum', 'cpc', 'price', 'the', 'to', 'corporation']","['CPC fuel prices revised from tonight The Ceylon Petroleum Corporation (CPC) has decided to revise its fuel prices with effect from midnight today.', 'CPC fuel prices revised The Ceylon Petroleum Corporation (CPC) has decided to revise its fuel prices with effect from midnight today.', 'LIOC increases fuel prices following CPC revision Following the fuel price hike by the Ceylon Petroleum Corporation effective from midnight yesterday (02), the Lanka Indian Oil Company has also announced an increase in selected fuel prices.']"
10,442,10_education_school_schools_the,"['education', 'school', 'schools', 'the', 'examination', 'grade', 'to', 'for', 'examinations', 'ministry']","['Education Ministry issues 2026 examination schedule The Education Ministry has released the examination timetable for the year 2026.', 'A/L exam rescheduled for January 2026; O/L dates announced The Ministry of Education has announced that the postponed 2025 GCE Advanced Level Examination will now be conducted in January 2026.', 'A/L exam to begin on August 10; Grade 5 scholarship exam on August 9 The Examinations Department has announced the dates for the 2026 General Certificate of Education (Advanced Level) Examination and the Grade 5 Scholarship Examination.']"
11,321,11_elephant_wild_elephants_animal,"['elephant', 'wild', 'elephants', 'animal', 'wildlife', 'the', 'in', 'to', 'of', 'humanelephant']","[""Let Sri Lankan wild elephant become national animal: Sajith Opposition Leader Sajith Premadasa today called for the recognition of the Sri Lankan wild elephant as the country's national animal and called for a scientific approach to resolve the human-elephant conflict."", 'Increase in young male elephants linked to rising elephant conflicts: Wildlife Dept. The number of juvenile (young male elephants) in Sri Lanka has increased over the past three national elephant surveys, contributing to a rise in elephant–elephant conflict, Acting Director General of the Wildlife Conservation Department Ranjan Marasinghe said yesterday.', 'Jumbo deaths continue, wild elephant electrocuted The death of another wild elephant in the human-elephant conflict was reported yesterday from Handapanagala in Moneragala. The wild elephant that roamed into the village had been electrocuted when it attempted to enter a cultivated land at Kottagashandiya area in Handapanagala. The carcass had been recovered by the wildlife officers who arrived on information from the residents of the area.']"
12,379,12_prices_price_rice_consumer,"['prices', 'price', 'rice', 'consumer', 'the', 'caa', 'food', 'of', 'paddy', 'rs']","['Supermarket fined Rs. 500,000 for selling Nadu rice above control price A supermarket in Gampola has been fined Rs. 500,000 after pleading guilty to selling local Nadu rice above the government-controlled maximum retail price, the Consumer Affairs Authority (CAA) said.', ""Rice supplier fined Rs. 1 mn for selling Red Nadu above MRP A rice supplier has been fined Rs. 1 million by the Polonnaruwa Magistrate's Court after being found guilty of selling Red Nadu rice above the government-imposed Maximum Retail Price (MRP), the Consumer Affairs Authority (CAA) said."", ""CAA raids traders selling rice above controlled prices; Rs. 95 million in fines imposed The Consumer Affairs Authority (CAA) has intensified raids across the country to crack down on traders selling rice at prices higher than the government's maximum retail price.""]"
13,395,13_media_social_online_bill,"['media', 'social', 'online', 'bill', 'safety', 'the', 'to', 'and', 'daily', 'of']","[""Daily Mirror Brief: Daily News Recap, Top Headlines & Must-Read Stories - 21st August Daily Mirror Brief is your daily news digest—bringing you the top headlines, key updates, and essential stories you may have missed across politics, tech, culture, and global affairs. Quick, clear, and curated—your trusted news recap, whenever you're ready."", ""Daily Mirror Brief: Daily News Recap, Top Headlines & Must-Read Stories - 14th August Daily Mirror Brief is your daily news digest—bringing you the top headlines, key updates, and essential stories you may have missed across politics, tech, culture, and global affairs. Quick, clear, and curated—your trusted news recap, whenever you're ready."", ""Daily Mirror Brief: Daily News Recap, Top Headlines & Must-Read Stories - 12th August Daily Mirror Brief is your daily news digest—bringing you the top headlines, key updates, and essential stories you may have missed across politics, tech, culture, and global affairs. Quick, clear, and curated—your trusted news recap, whenever you're ready.""]"
14,317,14_trump_us_president_china,"['trump', 'us', 'president', 'china', 'donald', 'to', 'tariffs', 'chinese', 'on', 'and']","[""Trump raises US tariffs on South Korea imports to 25% US President Donald Trump has announced he is raising tariffs on South Korean imports to 25% after accusing Seoul of ''not living up'' to a trade deal reached last year."", 'Trump accuses Xi of conspiring against US with Putin and Kim US President Donald Trump has accused Chinese counterpart Xi Jinping of conspiring against the US with the leaders of Russia and North Korea.', ""US and India reach trade deal, Trump says after Modi call US President Donald Trump announced that he agreed to a trade deal with India's Prime Minister Narendra Modi, where the US will lower tariffs on goods from India to 18% from 25%.""]"
15,301,15_the_day_of_to,"['the', 'day', 'of', 'to', 'and', 'in', 'for', 'special', 'new', 'be']","['Special traffic plan for exposition of sacred relics at Gangaramaya A special traffic management and security plan will be implemented in and around the Hunupitiya Gangaramaya Temple in Colombo in view of the exposition of sacred relics brought from India.', 'Special security and traffic programmes for festive season to be implemented from April 1 Special security and traffic arrangements will be implemented from April 1 in line with the upcoming Sinhala and Tamil New Year, police said.', 'Special traffic and security plan in place in Colombo for sacred relic exposition The Sri Lanka Police have announced a comprehensive security and traffic plan in conjunction with the exposition of Devnimori relics of Lord Buddha, which have been brought from India to mark the 78th National Independence Day celebrations.']"
16,195,16_market_cse_stock_exchange,"['market', 'cse', 'stock', 'exchange', 'aspi', 'points', 'session', 'investor', 'sentiment', 'colombo']","[""Early rally fades as profit-taking leaves market mixed The Colombo Stock Exchange (CSE) ended Tuesday's session on a mixed note, with the All Share Price Index (ASPI) closing marginally lower while the S&P SL20 Index managed to post a slight gain. The market began the day on a strong footing, with the ASPI surging more than 180 points during the first half hour of trading as buying interest supported broad market momentum."", 'CSE extends gains as positive sentiment lifts indices on favorable market developments The Colombo Stock Exchange continued its recovery momentum on 20th March 2026, as improved investor sentiment supported a strong upward movement throughout the session. The market maintained a steady positive trajectory from the opening bell, driven by renewed confidence following recent volatility, with the ASPI recording a notable gain of 375.72 points by the close.', 'CSE begins week on positive note as buying interest supports market gains The Colombo Stock Exchange (CSE) commenced the week on a positive note on 28th July 2026, with both benchmark indices closing higher as improved investor sentiment and selective buying in fundamentally strong counters supported the market. Favorable global and domestic developments helped sustain buying interest throughout the session, enabling the market to maintain its upward momentum despite moderate overall trading activity.']"
17,232,17_strike_gmoa_trade_protest,"['strike', 'gmoa', 'trade', 'protest', 'union', 'health', 'action', 'medical', 'officers', 'association']","[""GMOA to launch islandwide strike from Jan. 23 The Government Medical Officers' Association (GMOA) has announced that it will launch an islandwide continuous trade union action from January 23."", 'GMOA calls off planned strike The Government Medical Officers\' Association (GMOA) has temporarily suspended its islandwide trade union action, which was set to begin today, citing ""positive outcomes"" from discussions held with the Health Minister.', ""GMOA to launch islandwide strike The Government Medical Officers' Association (GMOA) will launch an islandwide trade union action tomorrow (31) in protest against what it describes as an arbitrary transfer procedure being implemented by the Ministry of Health.""]"
18,162,18_easter_cardinal_sunday_attacks,"['easter', 'cardinal', 'sunday', 'attacks', 'pope', 'ranjith', 'malcolm', 'catholic', 'the', 'church']","['April 19 declared day of prayers for Easter Sunday attack victims The Catholic church in Sri Lanka has declared April 19, 2026 as a day of prayer for the victims of the Easter Sunday bomb attacks, Archbishop of Colombo Cardinal Malcolm Ranjith said today.', 'Catholic Church to declare those who died in Easter Sunday attacks as saints The Catholic Church is to declare those who died in the Easter Sunday attacks as saints, Archbishop of Colombo Cardinal Malcolm Ranjith said over the weekend.', 'Received full presidential commission report on Easter Sunday attacks: Cardinal The Catholic Church has received the remaining parts of the report submitted by the presidential commission which probed the Easter Sunday attacks, Archbishop of Colombo Cardinal Malcolm Ranjith said today.']"
19,55,19_moon_artemis_nasa_astronauts,"['moon', 'artemis', 'nasa', 'astronauts', 'mission', 'space', 'ii', 'rocket', 'earth', 'crew']","[""NASA Artemis II astronauts prepare to end moon mission in 'fireball' re-entry Four astronauts traveling back to Earth from the far side of the moon on NASA's Artemis II mission spoke of their emotions as they wrapped up \u200bthe unprecedented flight and prepared to re-enter the atmosphere in a ''fireball'', during their first press conference from space on Wednesday."", ""NASA invites public to send their names to the moon on Artemis II Mission NASA's Marshall Space Flight Center has launched an exciting opportunity for the public to #SendYourName to the Moon. Names submitted will be included on a special SD card aboard the Orion spacecraft during the upcoming Artemis II mission."", 'Nasa names next astronauts for Artemis Moon programme NASA has named its crew for its next major Moon mission, Artemis III, though the astronauts will not walk on the Moon or go anywhere near it.']"
20,39,20_qr_fuel_system_code,"['qr', 'fuel', 'system', 'code', 'codes', 'quota', 'to', 'pass', 'the', 'cpc']","['Fuel quotas increased under QR system The Ceylon Petroleum Corporation (CPC) has increased weekly fuel quotas under the National Fuel Pass QR system, effective from midnight tonight.', 'No move to resume QR system for fuel again: Minister Power and Energy Minister Kanchana Wijesekera yesterday claimed that there is no move to resume the national fuel pass QR system or any quota system for fuel.', ""Fuel to be issued only with QR Code from today: Fuel station owners The Fuel Station Owners' Association (FSOA) has advised the public to visit fuel stations only after resolving issues related to the QR code system, stressing that fuel will not be issued without a valid QR code from today.""]"
21,47,21_ai_artificial_intelligence_to,"['ai', 'artificial', 'intelligence', 'to', 'for', 'digital', 'the', 'will', 'education', 'technology']","['AI learning opportunity for Grade 8 and above from March 19 Students from Grade 8 and above will have the opportunity to study artificial intelligence (AI) with their information technology subject and this pilot project will be started in 20 schools from March 19, Education Minister Susil Premajayantha said.', 'AI learning opportunity for Grade 8 and above from today Students from Grades 8 and above will have the opportunity to study Artificial Intelligence (AI) with their information technology subjects, and this pilot project will be started in 20 schools from today, Education Minister Susil Premajayantha said.', 'Sri Lanka sees slow growth in AI use Sri Lanka is gradually adopting artificial intelligence (AI), but the country remains behind many others in the world. According to the Microsoft AI Economy Institute, the share of Sri Lankans using generative AI tools rose slightly from 6.2% in early 2025 to 6.6% by the end of the year. The findings were published in the report titled ""Global AI Adoption in 2025.""']"
22,53,22_liquor_excise_shops_closed,"['liquor', 'excise', 'shops', 'closed', 'and', 'hours', 'on', 'department', 'of', 'the']","['Liquor shops to be closed on December 25, 26 All liquor shops across the country will be closed on December 25 and 26 in view of Christmas and Poya Day, the Excise Department said.', 'Islandwide liquor shops to remain closed for Vesak The Excise Department has announced that all liquor stores across the island will remain closed on May 30 and 31 in view of the 2026 Vesak Festival.', ""Liquor shops to close for three days in May All liquor shops islandwide will be closed for three days in May in view of International Workers' Day and the Vesak festival, the Department of Excise said.""]"
23,60,23_elon_musk_billionaire_has,"['elon', 'musk', 'billionaire', 'has', 'auction', 'tesla', 'trump', 'for', 'to', 'worth']","[""Musk becomes world's first half-trillion-dollar man Tesla boss Elon Musk has become the first person ever to achieve a net worth of more than $500bn (£370.9bn), as the value of the electric car company and his other businesses have risen this year."", 'Tesla awards boss Elon Musk $29bn in shares Tesla has granted its chief executive Elon Musk $29bn (£21.7bn) worth of its shares, in an attempt to keep the billionaire at the firm.', ""Elon Musk becomes first person worth $700 billion following pay package ruling Tesla (TSLA.O), opens new tab CEO Elon Musk's net worth surged to $749 billion late Friday after the Delaware Supreme Court reinstated Tesla stock options worth $139 billion that were voided last year, according to Forbes' billionaires index.""]"
